{"x":[0,1,2,3,4,5,6,7,8,9,10,11,12,13,14,15,16,17,18,19,20,21,22,23,24,25,26,27,28,29,30,31,32,33,34,35,36,37,38,39,40,41,42,43,44,45,46,47,48,49,50,51,52,53,54,55,56,57,58,59,60,61,62,63,64,65,66,67,68,69,70,71,72,73,74,75,76,77,78,79,80,81,82,83,84,85,86,87,88,89,90,91,92,93,94,95,96,97,98,99,100],"y":[0.9900990099009901,1.030502885408079,1.07342206955775,1.1190689346463742,1.1676786548341895,1.2195121951219512,1.2748597654258031,1.3340448239060831,1.3974287311347122,1.4654161781946071,1.5384615384615383,1.6170763260025873,1.7018379850238259,1.7934002869440457,1.8925056775170326,2,2.1168501270110074,2.244165170556553,2.3832221163012393,2.535496957403651,2.7027027027027026,2.8868360277136254,3.0902348578491967,3.3156498673740056,3.566333808844507,3.846153846153846,4.159733777038269,4.512635379061371,4.911591355599214,5.364806866952789,5.88235294117647,6.476683937823833,7.163323782234957,7.961783439490445,8.896797153024911,10,11.312217194570135,12.886597938144329,14.792899408284024,17.123287671232877,20,23.58490566037736,28.08988764044944,33.78378378378378,40.98360655737705,50,60.97560975609756,73.52941176470587,86.20689655172413,96.15384615384615,100,96.15384615384615,86.20689655172413,73.52941176470587,60.97560975609756,50,40.98360655737705,33.78378378378378,28.08988764044944,23.58490566037736,20,17.123287671232877,14.792899408284024,12.886597938144329,11.312217194570135,10,8.896797153024911,7.961783439490445,7.163323782234957,6.476683937823833,5.88235294117647,5.364806866952789,4.911591355599214,4.512635379061371,4.159733777038269,3.846153846153846,3.566333808844507,3.3156498673740056,3.0902348578491967,2.8868360277136254,2.7027027027027026,2.535496957403651,2.3832221163012393,2.244165170556553,2.1168501270110074,2,1.8925056775170326,1.7934002869440457,1.7018379850238259,1.6170763260025873,1.5384615384615383,1.4654161781946071,1.3974287311347122,1.3340448239060831,1.2748597654258031,1.2195121951219512,1.1676786548341895,1.1190689346463742,1.07342206955775,1.030502885408079,0.9900990099009901]}